nombreRepo,numRepoIntervalo,YAMLsEncontrados,stringBusqueda,pagBusqueda,url
Am-Issath/kubernetes-elastic-search,1,19,Kubernetes_manifest,1,https://api.github.com/search/repositories?q=Kubernetes_manifest+created:2024-01-01..2024-01-10&page=1&per_page=100&sort=stars&order=desc
btoll/kubernetes-manifests,2,6,Kubernetes_manifest,1,https://api.github.com/search/repositories?q=Kubernetes_manifest+created:2024-01-01..2024-01-10&page=1&per_page=100&sort=stars&order=desc
Loki-1/Kubernetes-manifestfiles,3,3,Kubernetes_manifest,1,https://api.github.com/search/repositories?q=Kubernetes_manifest+created:2024-01-01..2024-01-10&page=1&per_page=100&sort=stars&order=desc
GaiaTechSolution/kubernetes-manifests,4,0,Kubernetes_manifest,1,https://api.github.com/search/repositories?q=Kubernetes_manifest+created:2024-01-01..2024-01-10&page=1&per_page=100&sort=stars&order=desc
RahulShindepatil615/kubernetes-hands-on,5,0,Kubernetes_manifest,1,https://api.github.com/search/repositories?q=Kubernetes_manifest+created:2024-01-01..2024-01-10&page=1&per_page=100&sort=stars&order=desc
jagadeesh-u/kubernetes_latest_manifest,6,94,Kubernetes_manifest,1,https://api.github.com/search/repositories?q=Kubernetes_manifest+created:2024-01-01..2024-01-10&page=1&per_page=100&sort=stars&order=desc
rpersee/stremio,7,10,Kubernetes_manifest,1,https://api.github.com/search/repositories?q=Kubernetes_manifest+created:2024-01-01..2024-01-10&page=1&per_page=100&sort=stars&order=desc
SkylarHoughtonGithub/shoutsky-containers,8,7,Kubernetes_manifest,1,https://api.github.com/search/repositories?q=Kubernetes_manifest+created:2024-01-01..2024-01-10&page=1&per_page=100&sort=stars&order=desc
guilhermefaleiros/k8s-configuration,9,0,Kubernetes_manifest,1,https://api.github.com/search/repositories?q=Kubernetes_manifest+created:2024-01-01..2024-01-10&page=1&per_page=100&sort=stars&order=desc
andreweacott/k3s-homelab,10,13,Kubernetes_manifest,1,https://api.github.com/search/repositories?q=Kubernetes_manifest+created:2024-01-01..2024-01-10&page=1&per_page=100&sort=stars&order=desc
TsukasaHirai/kubernetes-environment,11,12,Kubernetes_manifest,1,https://api.github.com/search/repositories?q=Kubernetes_manifest+created:2024-01-01..2024-01-10&page=1&per_page=100&sort=stars&order=desc
panchanandevops/K8s-demo-project,12,12,Kubernetes_manifest,1,https://api.github.com/search/repositories?q=Kubernetes_manifest+created:2024-01-01..2024-01-10&page=1&per_page=100&sort=stars&order=desc
thananauto/web-expressjs-mongo-app,13,0,Kubernetes_manifest,1,https://api.github.com/search/repositories?q=Kubernetes_manifest+created:2024-01-01..2024-01-10&page=1&per_page=100&sort=stars&order=desc
sbendarsky/manifest-formapp,14,9,Kubernetes_manifest,1,https://api.github.com/search/repositories?q=Kubernetes_manifest+created:2024-01-01..2024-01-10&page=1&per_page=100&sort=stars&order=desc
JJGadgets/OCIfy,1,0,Kubernetes_manifest,1,https://api.github.com/search/repositories?q=Kubernetes_manifest+created:2024-01-11..2024-01-20&page=1&per_page=100&sort=stars&order=desc
helpwave/k8s,2,0,Kubernetes_manifest,1,https://api.github.com/search/repositories?q=Kubernetes_manifest+created:2024-01-11..2024-01-20&page=1&per_page=100&sort=stars&order=desc
cooper-andersen/Kubernetes-Deployment,3,2,Kubernetes_manifest,1,https://api.github.com/search/repositories?q=Kubernetes_manifest+created:2024-01-11..2024-01-20&page=1&per_page=100&sort=stars&order=desc
yakovdonde/xwiki,4,12,Kubernetes_manifest,1,https://api.github.com/search/repositories?q=Kubernetes_manifest+created:2024-01-11..2024-01-20&page=1&per_page=100&sort=stars&order=desc
KaustubhChavan09/Kubernetes_Manifest,5,0,Kubernetes_manifest,1,https://api.github.com/search/repositories?q=Kubernetes_manifest+created:2024-01-11..2024-01-20&page=1&per_page=100&sort=stars&order=desc
1xByte/Kubernetes-Manifest-YML,6,6,Kubernetes_manifest,1,https://api.github.com/search/repositories?q=Kubernetes_manifest+created:2024-01-11..2024-01-20&page=1&per_page=100&sort=stars&order=desc
JohnnyPaixaum/MyKubernetesManifests,7,0,Kubernetes_manifest,1,https://api.github.com/search/repositories?q=Kubernetes_manifest+created:2024-01-11..2024-01-20&page=1&per_page=100&sort=stars&order=desc
walrus-demo-catalog/kubernetes-manifest-deployer,8,1,Kubernetes_manifest,1,https://api.github.com/search/repositories?q=Kubernetes_manifest+created:2024-01-11..2024-01-20&page=1&per_page=100&sort=stars&order=desc
Ramtheja0822/kubernetes_manifest_yml_files,9,6,Kubernetes_manifest,1,https://api.github.com/search/repositories?q=Kubernetes_manifest+created:2024-01-11..2024-01-20&page=1&per_page=100&sort=stars&order=desc
sika-training-examples/2024-01-11-counter-kubernetes-manifests-example,10,0,Kubernetes_manifest,1,https://api.github.com/search/repositories?q=Kubernetes_manifest+created:2024-01-11..2024-01-20&page=1&per_page=100&sort=stars&order=desc
forged-by-grace/kafka,11,1,Kubernetes_manifest,1,https://api.github.com/search/repositories?q=Kubernetes_manifest+created:2024-01-11..2024-01-20&page=1&per_page=100&sort=stars&order=desc
natereprogle/homelab,12,2,Kubernetes_manifest,1,https://api.github.com/search/repositories?q=Kubernetes_manifest+created:2024-01-11..2024-01-20&page=1&per_page=100&sort=stars&order=desc
bruce-mig/argocd-go-micro-config,13,0,Kubernetes_manifest,1,https://api.github.com/search/repositories?q=Kubernetes_manifest+created:2024-01-11..2024-01-20&page=1&per_page=100&sort=stars&order=desc
forged-by-grace/assign-token-ops,14,3,Kubernetes_manifest,1,https://api.github.com/search/repositories?q=Kubernetes_manifest+created:2024-01-11..2024-01-20&page=1&per_page=100&sort=stars&order=desc
nealwp/yaml-check,1,15,Kubernetes_manifest,1,https://api.github.com/search/repositories?q=Kubernetes_manifest+created:2024-01-21..2024-01-31&page=1&per_page=100&sort=stars&order=desc
Terre8055/crm-k8s-deployment,2,7,Kubernetes_manifest,1,https://api.github.com/search/repositories?q=Kubernetes_manifest+created:2024-01-21..2024-01-31&page=1&per_page=100&sort=stars&order=desc
Mitchxxx/Amazon-clone-K8s-manifest,3,0,Kubernetes_manifest,1,https://api.github.com/search/repositories?q=Kubernetes_manifest+created:2024-01-21..2024-01-31&page=1&per_page=100&sort=stars&order=desc
GANESH0369/kubernetes-manifest,4,1,Kubernetes_manifest,1,https://api.github.com/search/repositories?q=Kubernetes_manifest+created:2024-01-21..2024-01-31&page=1&per_page=100&sort=stars&order=desc
DoSeongJin/kube_manifests,5,1,Kubernetes_manifest,1,https://api.github.com/search/repositories?q=Kubernetes_manifest+created:2024-01-21..2024-01-31&page=1&per_page=100&sort=stars&order=desc
rjoeberttan/test-kubernetes-manifest,6,11,Kubernetes_manifest,1,https://api.github.com/search/repositories?q=Kubernetes_manifest+created:2024-01-21..2024-01-31&page=1&per_page=100&sort=stars&order=desc
Pratik-Java/kubernetes_manifest_yml_files,7,6,Kubernetes_manifest,1,https://api.github.com/search/repositories?q=Kubernetes_manifest+created:2024-01-21..2024-01-31&page=1&per_page=100&sort=stars&order=desc
kshirsagarn/manifest-files-in-Kubernetes,8,0,Kubernetes_manifest,1,https://api.github.com/search/repositories?q=Kubernetes_manifest+created:2024-01-21..2024-01-31&page=1&per_page=100&sort=stars&order=desc
TechITFactoryb01/online-boutique-kubernetes-manifests,9,0,Kubernetes_manifest,1,https://api.github.com/search/repositories?q=Kubernetes_manifest+created:2024-01-21..2024-01-31&page=1&per_page=100&sort=stars&order=desc
surajsunrays/hello-world-config,10,1,Kubernetes_manifest,1,https://api.github.com/search/repositories?q=Kubernetes_manifest+created:2024-01-21..2024-01-31&page=1&per_page=100&sort=stars&order=desc
KingYoSun/palworld_manifest,11,2,Kubernetes_manifest,1,https://api.github.com/search/repositories?q=Kubernetes_manifest+created:2024-01-21..2024-01-31&page=1&per_page=100&sort=stars&order=desc
AdWerx/meltano-kubernetes-ext,12,0,Kubernetes_manifest,1,https://api.github.com/search/repositories?q=Kubernetes_manifest+created:2024-01-21..2024-01-31&page=1&per_page=100&sort=stars&order=desc
cerebro1/kyverno-policies,13,1,Kubernetes_manifest,1,https://api.github.com/search/repositories?q=Kubernetes_manifest+created:2024-01-21..2024-01-31&page=1&per_page=100&sort=stars&order=desc
amirk1998/DevOps-Manifests,14,23,Kubernetes_manifest,1,https://api.github.com/search/repositories?q=Kubernetes_manifest+created:2024-01-21..2024-01-31&page=1&per_page=100&sort=stars&order=desc
feraudt/empty-nginx-deploy-kube,15,4,Kubernetes_manifest,1,https://api.github.com/search/repositories?q=Kubernetes_manifest+created:2024-01-21..2024-01-31&page=1&per_page=100&sort=stars&order=desc
UribeAlejandro/k8s-hello-world-rust,16,2,Kubernetes_manifest,1,https://api.github.com/search/repositories?q=Kubernetes_manifest+created:2024-01-21..2024-01-31&page=1&per_page=100&sort=stars&order=desc
forged-by-grace/create-account-handler-cd,17,3,Kubernetes_manifest,1,https://api.github.com/search/repositories?q=Kubernetes_manifest+created:2024-01-21..2024-01-31&page=1&per_page=100&sort=stars&order=desc
forged-by-grace/delete-account-handler-cd,18,2,Kubernetes_manifest,1,https://api.github.com/search/repositories?q=Kubernetes_manifest+created:2024-01-21..2024-01-31&page=1&per_page=100&sort=stars&order=desc
forged-by-grace/one-time-password-handler-cd,19,3,Kubernetes_manifest,1,https://api.github.com/search/repositories?q=Kubernetes_manifest+created:2024-01-21..2024-01-31&page=1&per_page=100&sort=stars&order=desc
forged-by-grace/disable-or-enable-account-handler-cd,20,2,Kubernetes_manifest,1,https://api.github.com/search/repositories?q=Kubernetes_manifest+created:2024-01-21..2024-01-31&page=1&per_page=100&sort=stars&order=desc
gianowolf/gitops-config,21,0,Kubernetes_manifest,1,https://api.github.com/search/repositories?q=Kubernetes_manifest+created:2024-01-21..2024-01-31&page=1&per_page=100&sort=stars&order=desc
CroWcbr/Inception_of_Things,22,4,Kubernetes_manifest,1,https://api.github.com/search/repositories?q=Kubernetes_manifest+created:2024-01-21..2024-01-31&page=1&per_page=100&sort=stars&order=desc
satishreddy375/Kubernetes-Manifests-duba,1,94,Kubernetes_manifest,1,https://api.github.com/search/repositories?q=Kubernetes_manifest+created:2024-02-01..2024-02-10&page=1&per_page=100&sort=stars&order=desc
mate-academy/devops_todolist_kubernetes_task_3_write_a_manifest,2,0,Kubernetes_manifest,1,https://api.github.com/search/repositories?q=Kubernetes_manifest+created:2024-02-01..2024-02-10&page=1&per_page=100&sort=stars&order=desc
pseudonative/devopsflow_k8s,3,0,Kubernetes_manifest,1,https://api.github.com/search/repositories?q=Kubernetes_manifest+created:2024-02-01..2024-02-10&page=1&per_page=100&sort=stars&order=desc
mumba2023/kubernetes-manifest,4,0,Kubernetes_manifest,1,https://api.github.com/search/repositories?q=Kubernetes_manifest+created:2024-02-01..2024-02-10&page=1&per_page=100&sort=stars&order=desc
4sokol/kubernetes_manifests,5,0,Kubernetes_manifest,1,https://api.github.com/search/repositories?q=Kubernetes_manifest+created:2024-02-01..2024-02-10&page=1&per_page=100&sort=stars&order=desc
TheLab-ms/infra,6,26,Kubernetes_manifest,1,https://api.github.com/search/repositories?q=Kubernetes_manifest+created:2024-02-01..2024-02-10&page=1&per_page=100&sort=stars&order=desc
Gangadhar-7/Kubernetes-Manifest-Files-Repo,7,8,Kubernetes_manifest,1,https://api.github.com/search/repositories?q=Kubernetes_manifest+created:2024-02-01..2024-02-10&page=1&per_page=100&sort=stars&order=desc
venkatapavan2905/CD_Kubernetes,8,0,Kubernetes_manifest,1,https://api.github.com/search/repositories?q=Kubernetes_manifest+created:2024-02-01..2024-02-10&page=1&per_page=100&sort=stars&order=desc
DoodleScheduling/yakmv,9,12,Kubernetes_manifest,1,https://api.github.com/search/repositories?q=Kubernetes_manifest+created:2024-02-01..2024-02-10&page=1&per_page=100&sort=stars&order=desc
iijimakazuyuki/transparency,10,13,Kubernetes_manifest,1,https://api.github.com/search/repositories?q=Kubernetes_manifest+created:2024-02-01..2024-02-10&page=1&per_page=100&sort=stars&order=desc
Sekharbabu12/2048-Game-application,11,0,Kubernetes_manifest,1,https://api.github.com/search/repositories?q=Kubernetes_manifest+created:2024-02-01..2024-02-10&page=1&per_page=100&sort=stars&order=desc
oyinlola101/gitops-test-,12,0,Kubernetes_manifest,1,https://api.github.com/search/repositories?q=Kubernetes_manifest+created:2024-02-01..2024-02-10&page=1&per_page=100&sort=stars&order=desc
AswinManojan/Go_Bus-Kubernetes,13,4,Kubernetes_manifest,1,https://api.github.com/search/repositories?q=Kubernetes_manifest+created:2024-02-01..2024-02-10&page=1&per_page=100&sort=stars&order=desc
talesrc/cks,14,0,Kubernetes_manifest,1,https://api.github.com/search/repositories?q=Kubernetes_manifest+created:2024-02-01..2024-02-10&page=1&per_page=100&sort=stars&order=desc
PranitRout07/Deploy-a-FullStack-Mern-Project,15,0,Kubernetes_manifest,1,https://api.github.com/search/repositories?q=Kubernetes_manifest+created:2024-02-01..2024-02-10&page=1&per_page=100&sort=stars&order=desc
Tagoregelli/Kubernetes-manifest-files,1,0,Kubernetes_manifest,1,https://api.github.com/search/repositories?q=Kubernetes_manifest+created:2024-02-11..2024-02-20&page=1&per_page=100&sort=stars&order=desc
ARUP-G/Todo-app-deployment-manifest,2,2,Kubernetes_manifest,1,https://api.github.com/search/repositories?q=Kubernetes_manifest+created:2024-02-11..2024-02-20&page=1&per_page=100&sort=stars&order=desc
ContestSubmission/KubernetesManifests,3,0,Kubernetes_manifest,1,https://api.github.com/search/repositories?q=Kubernetes_manifest+created:2024-02-11..2024-02-20&page=1&per_page=100&sort=stars&order=desc
Sunwukong-Organisation/manifests-kubernetes,4,1,Kubernetes_manifest,1,https://api.github.com/search/repositories?q=Kubernetes_manifest+created:2024-02-11..2024-02-20&page=1&per_page=100&sort=stars&order=desc
Akshay-kavalase/Kubernetes-Manifest-Files,5,0,Kubernetes_manifest,1,https://api.github.com/search/repositories?q=Kubernetes_manifest+created:2024-02-11..2024-02-20&page=1&per_page=100&sort=stars&order=desc
Terre8055/task-manager-config-repo,6,19,Kubernetes_manifest,1,https://api.github.com/search/repositories?q=Kubernetes_manifest+created:2024-02-11..2024-02-20&page=1&per_page=100&sort=stars&order=desc
vdkatte/kube-manifest-testing,7,2,Kubernetes_manifest,1,https://api.github.com/search/repositories?q=Kubernetes_manifest+created:2024-02-11..2024-02-20&page=1&per_page=100&sort=stars&order=desc
da3m0nsec/k8s,8,44,Kubernetes_manifest,1,https://api.github.com/search/repositories?q=Kubernetes_manifest+created:2024-02-11..2024-02-20&page=1&per_page=100&sort=stars&order=desc
vernaldev/k8s-dev,9,102,Kubernetes_manifest,1,https://api.github.com/search/repositories?q=Kubernetes_manifest+created:2024-02-11..2024-02-20&page=1&per_page=100&sort=stars&order=desc
iamsathishs/Python-cicd-manifests-repo,10,2,Kubernetes_manifest,1,https://api.github.com/search/repositories?q=Kubernetes_manifest+created:2024-02-11..2024-02-20&page=1&per_page=100&sort=stars&order=desc
xelab04/kates,11,12,Kubernetes_manifest,1,https://api.github.com/search/repositories?q=Kubernetes_manifest+created:2024-02-11..2024-02-20&page=1&per_page=100&sort=stars&order=desc
kaizenproj/kaizen,12,23,Kubernetes_manifest,1,https://api.github.com/search/repositories?q=Kubernetes_manifest+created:2024-02-11..2024-02-20&page=1&per_page=100&sort=stars&order=desc
Jagadeesh-arcane/Kubernetes---Deploying-voting-app,13,9,Kubernetes_manifest,1,https://api.github.com/search/repositories?q=Kubernetes_manifest+created:2024-02-11..2024-02-20&page=1&per_page=100&sort=stars&order=desc
donaseb/eks-kuberntes-project,14,0,Kubernetes_manifest,1,https://api.github.com/search/repositories?q=Kubernetes_manifest+created:2024-02-11..2024-02-20&page=1&per_page=100&sort=stars&order=desc
Abhisoni13/Project2_Kubernetes_Java_Deployment,15,3,Kubernetes_manifest,1,https://api.github.com/search/repositories?q=Kubernetes_manifest+created:2024-02-11..2024-02-20&page=1&per_page=100&sort=stars&order=desc
Behnam1111/cluster-api-consumer,16,8,Kubernetes_manifest,1,https://api.github.com/search/repositories?q=Kubernetes_manifest+created:2024-02-11..2024-02-20&page=1&per_page=100&sort=stars&order=desc
brunoblauzius-fiap/kubernetes-manifest,1,22,Kubernetes_manifest,1,https://api.github.com/search/repositories?q=Kubernetes_manifest+created:2024-02-21..2024-02-29&page=1&per_page=100&sort=stars&order=desc
daus89/kubernetes,2,6,Kubernetes_manifest,1,https://api.github.com/search/repositories?q=Kubernetes_manifest+created:2024-02-21..2024-02-29&page=1&per_page=100&sort=stars&order=desc
shahreh/kubernetes_latest_manifest,3,94,Kubernetes_manifest,1,https://api.github.com/search/repositories?q=Kubernetes_manifest+created:2024-02-21..2024-02-29&page=1&per_page=100&sort=stars&order=desc
harsh2478/Kubernetes-manifests,4,2,Kubernetes_manifest,1,https://api.github.com/search/repositories?q=Kubernetes_manifest+created:2024-02-21..2024-02-29&page=1&per_page=100&sort=stars&order=desc
hari-palepu/21_Kubernetes_Manifestfiles,5,38,Kubernetes_manifest,1,https://api.github.com/search/repositories?q=Kubernetes_manifest+created:2024-02-21..2024-02-29&page=1&per_page=100&sort=stars&order=desc
thisiscaetano/kubernetes-global-manifest,6,6,Kubernetes_manifest,1,https://api.github.com/search/repositories?q=Kubernetes_manifest+created:2024-02-21..2024-02-29&page=1&per_page=100&sort=stars&order=desc
k8snative/kubernetes_manifest_ocr,7,14,Kubernetes_manifest,1,https://api.github.com/search/repositories?q=Kubernetes_manifest+created:2024-02-21..2024-02-29&page=1&per_page=100&sort=stars&order=desc
cjc4/miniflux-in-k8s,8,9,Kubernetes_manifest,1,https://api.github.com/search/repositories?q=Kubernetes_manifest+created:2024-02-21..2024-02-29&page=1&per_page=100&sort=stars&order=desc
ash-kurian/wulpix-kube-manifests,9,2,Kubernetes_manifest,1,https://api.github.com/search/repositories?q=Kubernetes_manifest+created:2024-02-21..2024-02-29&page=1&per_page=100&sort=stars&order=desc
yogithakakarla/basic-kustomize-example,10,3,Kubernetes_manifest,1,https://api.github.com/search/repositories?q=Kubernetes_manifest+created:2024-02-21..2024-02-29&page=1&per_page=100&sort=stars&order=desc
yogeshraj-au/eks_infra_observability,11,17,Kubernetes_manifest,1,https://api.github.com/search/repositories?q=Kubernetes_manifest+created:2024-02-21..2024-02-29&page=1&per_page=100&sort=stars&order=desc
learnforward2023/together-k8s-manifests,1,4,Kubernetes_manifest,1,https://api.github.com/search/repositories?q=Kubernetes_manifest+created:2024-03-01..2024-03-10&page=1&per_page=100&sort=stars&order=desc
Krishna1423/KubernetesManifests,2,8,Kubernetes_manifest,1,https://api.github.com/search/repositories?q=Kubernetes_manifest+created:2024-03-01..2024-03-10&page=1&per_page=100&sort=stars&order=desc
vvops/Kubernetes_Manifest,3,0,Kubernetes_manifest,1,https://api.github.com/search/repositories?q=Kubernetes_manifest+created:2024-03-01..2024-03-10&page=1&per_page=100&sort=stars&order=desc
Aniediogo/Kubernetes_manifests,4,1,Kubernetes_manifest,1,https://api.github.com/search/repositories?q=Kubernetes_manifest+created:2024-03-01..2024-03-10&page=1&per_page=100&sort=stars&order=desc
NomadicSatyam/Kubernetes-Manifests-Collections,5,0,Kubernetes_manifest,1,https://api.github.com/search/repositories?q=Kubernetes_manifest+created:2024-03-01..2024-03-10&page=1&per_page=100&sort=stars&order=desc
shashankram/k8s-test-manifests,6,2,Kubernetes_manifest,1,https://api.github.com/search/repositories?q=Kubernetes_manifest+created:2024-03-01..2024-03-10&page=1&per_page=100&sort=stars&order=desc
imkiran13/ArgoCD-demo,7,2,Kubernetes_manifest,1,https://api.github.com/search/repositories?q=Kubernetes_manifest+created:2024-03-01..2024-03-10&page=1&per_page=100&sort=stars&order=desc
WillClfrd/storm-kube,8,2,Kubernetes_manifest,1,https://api.github.com/search/repositories?q=Kubernetes_manifest+created:2024-03-01..2024-03-10&page=1&per_page=100&sort=stars&order=desc
Barney7777/Chatbot-ui-gitops,9,2,Kubernetes_manifest,1,https://api.github.com/search/repositories?q=Kubernetes_manifest+created:2024-03-01..2024-03-10&page=1&per_page=100&sort=stars&order=desc
rjhaikal/Netflix-Manifests,10,0,Kubernetes_manifest,1,https://api.github.com/search/repositories?q=Kubernetes_manifest+created:2024-03-01..2024-03-10&page=1&per_page=100&sort=stars&order=desc
james-hinton/aurora-explorer-eoxserver,11,38,Kubernetes_manifest,1,https://api.github.com/search/repositories?q=Kubernetes_manifest+created:2024-03-01..2024-03-10&page=1&per_page=100&sort=stars&order=desc
imkiran13/Tetris-manifest,12,0,Kubernetes_manifest,1,https://api.github.com/search/repositories?q=Kubernetes_manifest+created:2024-03-01..2024-03-10&page=1&per_page=100&sort=stars&order=desc
EzzOps/ansible-k3s,13,0,Kubernetes_manifest,1,https://api.github.com/search/repositories?q=Kubernetes_manifest+created:2024-03-01..2024-03-10&page=1&per_page=100&sort=stars&order=desc
venteure/envrep,14,2,Kubernetes_manifest,1,https://api.github.com/search/repositories?q=Kubernetes_manifest+created:2024-03-01..2024-03-10&page=1&per_page=100&sort=stars&order=desc
Malek-Zaag/ScalerOperator,1,29,Kubernetes_manifest,1,https://api.github.com/search/repositories?q=Kubernetes_manifest+created:2024-03-11..2024-03-20&page=1&per_page=100&sort=stars&order=desc
Sharad150892/kubernetesManifest,2,0,Kubernetes_manifest,1,https://api.github.com/search/repositories?q=Kubernetes_manifest+created:2024-03-11..2024-03-20&page=1&per_page=100&sort=stars&order=desc
BarakAgranov/kubernetes-manifests,3,13,Kubernetes_manifest,1,https://api.github.com/search/repositories?q=Kubernetes_manifest+created:2024-03-11..2024-03-20&page=1&per_page=100&sort=stars&order=desc
adhi85/Gitops-FastAPI-KubernetesManifest,4,1,Kubernetes_manifest,1,https://api.github.com/search/repositories?q=Kubernetes_manifest+created:2024-03-11..2024-03-20&page=1&per_page=100&sort=stars&order=desc
Ninja-server/k8smanifest,5,0,Kubernetes_manifest,1,https://api.github.com/search/repositories?q=Kubernetes_manifest+created:2024-03-11..2024-03-20&page=1&per_page=100&sort=stars&order=desc
droot/point-of-sales,6,3,Kubernetes_manifest,1,https://api.github.com/search/repositories?q=Kubernetes_manifest+created:2024-03-11..2024-03-20&page=1&per_page=100&sort=stars&order=desc
liatrio/tag-o11y-quick-start-manifests,1,70,Kubernetes_manifest,1,https://api.github.com/search/repositories?q=Kubernetes_manifest+created:2024-03-21..2024-03-31&page=1&per_page=100&sort=stars&order=desc
akshatabb/KubernetesManifest,2,1,Kubernetes_manifest,1,https://api.github.com/search/repositories?q=Kubernetes_manifest+created:2024-03-21..2024-03-31&page=1&per_page=100&sort=stars&order=desc
manjualex/KubernetesManifest,3,1,Kubernetes_manifest,1,https://api.github.com/search/repositories?q=Kubernetes_manifest+created:2024-03-21..2024-03-31&page=1&per_page=100&sort=stars&order=desc
nehaswaroop/KubernetesManifest,4,1,Kubernetes_manifest,1,https://api.github.com/search/repositories?q=Kubernetes_manifest+created:2024-03-21..2024-03-31&page=1&per_page=100&sort=stars&order=desc
nomraj-devops/KubernetesManifestFiles,5,33,Kubernetes_manifest,1,https://api.github.com/search/repositories?q=Kubernetes_manifest+created:2024-03-21..2024-03-31&page=1&per_page=100&sort=stars&order=desc
Hatimloha/Kubernetes_Manifest,6,0,Kubernetes_manifest,1,https://api.github.com/search/repositories?q=Kubernetes_manifest+created:2024-03-21..2024-03-31&page=1&per_page=100&sort=stars&order=desc
clidey/kubernetes-manifests,7,3,Kubernetes_manifest,1,https://api.github.com/search/repositories?q=Kubernetes_manifest+created:2024-03-21..2024-03-31&page=1&per_page=100&sort=stars&order=desc
atishayarsh99/kubernetes-manifest,8,16,Kubernetes_manifest,1,https://api.github.com/search/repositories?q=Kubernetes_manifest+created:2024-03-21..2024-03-31&page=1&per_page=100&sort=stars&order=desc
kvasudevan1729/k0s-lab,9,15,Kubernetes_manifest,1,https://api.github.com/search/repositories?q=Kubernetes_manifest+created:2024-03-21..2024-03-31&page=1&per_page=100&sort=stars&order=desc
PrashanthNander/k8s-manifest-files,10,2,Kubernetes_manifest,1,https://api.github.com/search/repositories?q=Kubernetes_manifest+created:2024-03-21..2024-03-31&page=1&per_page=100&sort=stars&order=desc
archmachina/kmt,11,10,Kubernetes_manifest,1,https://api.github.com/search/repositories?q=Kubernetes_manifest+created:2024-03-21..2024-03-31&page=1&per_page=100&sort=stars&order=desc
raviiai/kubernetes-nginx-manifest,12,0,Kubernetes_manifest,1,https://api.github.com/search/repositories?q=Kubernetes_manifest+created:2024-03-21..2024-03-31&page=1&per_page=100&sort=stars&order=desc
shivkansh-singh/kubernetes-manifests-master,13,22,Kubernetes_manifest,1,https://api.github.com/search/repositories?q=Kubernetes_manifest+created:2024-03-21..2024-03-31&page=1&per_page=100&sort=stars&order=desc
Nosmoht/gitops-k8s-homelab,14,83,Kubernetes_manifest,1,https://api.github.com/search/repositories?q=Kubernetes_manifest+created:2024-03-21..2024-03-31&page=1&per_page=100&sort=stars&order=desc
AravindRamar/Kubernetes,15,46,Kubernetes_manifest,1,https://api.github.com/search/repositories?q=Kubernetes_manifest+created:2024-03-21..2024-03-31&page=1&per_page=100&sort=stars&order=desc
bensnyde/theloungue-k8s,16,4,Kubernetes_manifest,1,https://api.github.com/search/repositories?q=Kubernetes_manifest+created:2024-03-21..2024-03-31&page=1&per_page=100&sort=stars&order=desc
mgaydash/k8s-admin-sa,17,1,Kubernetes_manifest,1,https://api.github.com/search/repositories?q=Kubernetes_manifest+created:2024-03-21..2024-03-31&page=1&per_page=100&sort=stars&order=desc
edurra/manifest-hardening,18,5,Kubernetes_manifest,1,https://api.github.com/search/repositories?q=Kubernetes_manifest+created:2024-03-21..2024-03-31&page=1&per_page=100&sort=stars&order=desc
pipe-technologies/kwait,19,1,Kubernetes_manifest,1,https://api.github.com/search/repositories?q=Kubernetes_manifest+created:2024-03-21..2024-03-31&page=1&per_page=100&sort=stars&order=desc
pahardy/myapi,20,2,Kubernetes_manifest,1,https://api.github.com/search/repositories?q=Kubernetes_manifest+created:2024-03-21..2024-03-31&page=1&per_page=100&sort=stars&order=desc
r0binak/xzk8s,1,1,Kubernetes_manifest,1,https://api.github.com/search/repositories?q=Kubernetes_manifest+created:2024-04-01..2024-04-10&page=1&per_page=100&sort=stars&order=desc
VSubhankar/CICD-GCP-Pipileine,2,5,Kubernetes_manifest,1,https://api.github.com/search/repositories?q=Kubernetes_manifest+created:2024-04-01..2024-04-10&page=1&per_page=100&sort=stars&order=desc
madhusudan111/Kubernetes_Manifests,3,160,Kubernetes_manifest,1,https://api.github.com/search/repositories?q=Kubernetes_manifest+created:2024-04-01..2024-04-10&page=1&per_page=100&sort=stars&order=desc
upendra0776/my_manifest,4,0,Kubernetes_manifest,1,https://api.github.com/search/repositories?q=Kubernetes_manifest+created:2024-04-01..2024-04-10&page=1&per_page=100&sort=stars&order=desc
AzureAcademy009/KubernetesRepo,5,0,Kubernetes_manifest,1,https://api.github.com/search/repositories?q=Kubernetes_manifest+created:2024-04-01..2024-04-10&page=1&per_page=100&sort=stars&order=desc
KEA-4th-Bootstrap/moldev-kubernetes-manifest,6,24,Kubernetes_manifest,1,https://api.github.com/search/repositories?q=Kubernetes_manifest+created:2024-04-01..2024-04-10&page=1&per_page=100&sort=stars&order=desc
gorakhgaurav/argo,7,7,Kubernetes_manifest,1,https://api.github.com/search/repositories?q=Kubernetes_manifest+created:2024-04-01..2024-04-10&page=1&per_page=100&sort=stars&order=desc
mkshb/k8s-ecodms,8,3,Kubernetes_manifest,1,https://api.github.com/search/repositories?q=Kubernetes_manifest+created:2024-04-01..2024-04-10&page=1&per_page=100&sort=stars&order=desc
phcmaster/kube-shift,9,0,Kubernetes_manifest,1,https://api.github.com/search/repositories?q=Kubernetes_manifest+created:2024-04-01..2024-04-10&page=1&per_page=100&sort=stars&order=desc
SharadaShehan/3_Tier_Deployment_GKE,10,0,Kubernetes_manifest,1,https://api.github.com/search/repositories?q=Kubernetes_manifest+created:2024-04-01..2024-04-10&page=1&per_page=100&sort=stars&order=desc
danielr1996/manifest-to-chart,11,0,Kubernetes_manifest,1,https://api.github.com/search/repositories?q=Kubernetes_manifest+created:2024-04-01..2024-04-10&page=1&per_page=100&sort=stars&order=desc
Sohails226/k8s-nodejs-autoscaling,12,0,Kubernetes_manifest,1,https://api.github.com/search/repositories?q=Kubernetes_manifest+created:2024-04-01..2024-04-10&page=1&per_page=100&sort=stars&order=desc
AdarkSt/Honeypot_Smart_Infrastructure,13,11,Kubernetes_manifest,1,https://api.github.com/search/repositories?q=Kubernetes_manifest+created:2024-04-01..2024-04-10&page=1&per_page=100&sort=stars&order=desc
feng-22/kubernetes-manifest,1,550,Kubernetes_manifest,1,https://api.github.com/search/repositories?q=Kubernetes_manifest+created:2024-04-11..2024-04-20&page=1&per_page=100&sort=stars&order=desc
kozyr-dv/Kubernetes-manifests,2,9,Kubernetes_manifest,1,https://api.github.com/search/repositories?q=Kubernetes_manifest+created:2024-04-11..2024-04-20&page=1&per_page=100&sort=stars&order=desc
ValeriiVasianovych/Kubernetes-Manifests,3,35,Kubernetes_manifest,1,https://api.github.com/search/repositories?q=Kubernetes_manifest+created:2024-04-11..2024-04-20&page=1&per_page=100&sort=stars&order=desc
shivagande26/Kubernetes-Manifests,4,166,Kubernetes_manifest,1,https://api.github.com/search/repositories?q=Kubernetes_manifest+created:2024-04-11..2024-04-20&page=1&per_page=100&sort=stars&order=desc
serhii-cherkez/kubernetes-manifests,5,9,Kubernetes_manifest,1,https://api.github.com/search/repositories?q=Kubernetes_manifest+created:2024-04-11..2024-04-20&page=1&per_page=100&sort=stars&order=desc
khadar099/kubernetes_manifest_yml,6,6,Kubernetes_manifest,1,https://api.github.com/search/repositories?q=Kubernetes_manifest+created:2024-04-11..2024-04-20&page=1&per_page=100&sort=stars&order=desc
Abhishekkanawade20/Kubernetes_Labs-Manifest-,7,2,Kubernetes_manifest,1,https://api.github.com/search/repositories?q=Kubernetes_manifest+created:2024-04-11..2024-04-20&page=1&per_page=100&sort=stars&order=desc
Kaody/k8s,8,28,Kubernetes_manifest,1,https://api.github.com/search/repositories?q=Kubernetes_manifest+created:2024-04-11..2024-04-20&page=1&per_page=100&sort=stars&order=desc
nfl-nzr/homelab,9,32,Kubernetes_manifest,1,https://api.github.com/search/repositories?q=Kubernetes_manifest+created:2024-04-11..2024-04-20&page=1&per_page=100&sort=stars&order=desc
clicktruck/application-templates,10,3,Kubernetes_manifest,1,https://api.github.com/search/repositories?q=Kubernetes_manifest+created:2024-04-11..2024-04-20&page=1&per_page=100&sort=stars&order=desc
theZMC/terraform-kubernetes-helm-render,11,0,Kubernetes_manifest,1,https://api.github.com/search/repositories?q=Kubernetes_manifest+created:2024-04-11..2024-04-20&page=1&per_page=100&sort=stars&order=desc
zeleneyabluko/kubectl-ai-primer,12,9,Kubernetes_manifest,1,https://api.github.com/search/repositories?q=Kubernetes_manifest+created:2024-04-11..2024-04-20&page=1&per_page=100&sort=stars&order=desc
amisstea/caas-manifests,13,7,Kubernetes_manifest,1,https://api.github.com/search/repositories?q=Kubernetes_manifest+created:2024-04-11..2024-04-20&page=1&per_page=100&sort=stars&order=desc
kostis-codefresh/preview-env-manifests,1,1,Kubernetes_manifest,1,https://api.github.com/search/repositories?q=Kubernetes_manifest+created:2024-04-21..2024-04-30&page=1&per_page=100&sort=stars&order=desc
interTwin-eu/vk-test-set,2,9,Kubernetes_manifest,1,https://api.github.com/search/repositories?q=Kubernetes_manifest+created:2024-04-21..2024-04-30&page=1&per_page=100&sort=stars&order=desc
JamesAtIntegratnIO/kustomized-helm-action,3,1,Kubernetes_manifest,1,https://api.github.com/search/repositories?q=Kubernetes_manifest+created:2024-04-21..2024-04-30&page=1&per_page=100&sort=stars&order=desc
HrishikeshChoudhury/kubernetes-manifests,4,0,Kubernetes_manifest,1,https://api.github.com/search/repositories?q=Kubernetes_manifest+created:2024-04-21..2024-04-30&page=1&per_page=100&sort=stars&order=desc
nishitkumar123/Kubernetes-manifest-github-final,5,8,Kubernetes_manifest,1,https://api.github.com/search/repositories?q=Kubernetes_manifest+created:2024-04-21..2024-04-30&page=1&per_page=100&sort=stars&order=desc
CMarquetand/webapp-k8s,6,5,Kubernetes_manifest,1,https://api.github.com/search/repositories?q=Kubernetes_manifest+created:2024-04-21..2024-04-30&page=1&per_page=100&sort=stars&order=desc
rehankhan28/kubernetes_manifest_yml_files-main,7,6,Kubernetes_manifest,1,https://api.github.com/search/repositories?q=Kubernetes_manifest+created:2024-04-21..2024-04-30&page=1&per_page=100&sort=stars&order=desc
xrstf/kubesort,8,1,Kubernetes_manifest,1,https://api.github.com/search/repositories?q=Kubernetes_manifest+created:2024-04-21..2024-04-30&page=1&per_page=100&sort=stars&order=desc
yamikhailov/k8s_manifests,9,9,Kubernetes_manifest,1,https://api.github.com/search/repositories?q=Kubernetes_manifest+created:2024-04-21..2024-04-30&page=1&per_page=100&sort=stars&order=desc
Invoca/kubernetes_template_rendering,10,2,Kubernetes_manifest,1,https://api.github.com/search/repositories?q=Kubernetes_manifest+created:2024-04-21..2024-04-30&page=1&per_page=100&sort=stars&order=desc
abdel-dialo/mini-projet-kubernetes,11,1,Kubernetes_manifest,1,https://api.github.com/search/repositories?q=Kubernetes_manifest+created:2024-04-21..2024-04-30&page=1&per_page=100&sort=stars&order=desc
dillon-courts/gcp-microservices-deployment,12,0,Kubernetes_manifest,1,https://api.github.com/search/repositories?q=Kubernetes_manifest+created:2024-04-21..2024-04-30&page=1&per_page=100&sort=stars&order=desc
abanobmorkosgad/online-shop-microservices-kubernetes,13,21,Kubernetes_manifest,1,https://api.github.com/search/repositories?q=Kubernetes_manifest+created:2024-04-21..2024-04-30&page=1&per_page=100&sort=stars&order=desc
pbabbott/home-kubernetes,14,64,Kubernetes_manifest,1,https://api.github.com/search/repositories?q=Kubernetes_manifest+created:2024-04-21..2024-04-30&page=1&per_page=100&sort=stars&order=desc
Ahmed-Elkoumy/DevOps-project,15,0,Kubernetes_manifest,1,https://api.github.com/search/repositories?q=Kubernetes_manifest+created:2024-04-21..2024-04-30&page=1&per_page=100&sort=stars&order=desc
ismail116/NTI-grad-Project,16,3,Kubernetes_manifest,1,https://api.github.com/search/repositories?q=Kubernetes_manifest+created:2024-04-21..2024-04-30&page=1&per_page=100&sort=stars&order=desc
toschneck/kubernetes-and-ai,1,29,Kubernetes_manifest,1,https://api.github.com/search/repositories?q=Kubernetes_manifest+created:2024-05-01..2024-05-10&page=1&per_page=100&sort=stars&order=desc
praveen1994dec/Kubernetes_Manifest_files,2,0,Kubernetes_manifest,1,https://api.github.com/search/repositories?q=Kubernetes_manifest+created:2024-05-01..2024-05-10&page=1&per_page=100&sort=stars&order=desc
sarbajitD-24/zon-coffee-app-manifests,3,5,Kubernetes_manifest,1,https://api.github.com/search/repositories?q=Kubernetes_manifest+created:2024-05-01..2024-05-10&page=1&per_page=100&sort=stars&order=desc
charitha2024/KubernetesManifest,4,1,Kubernetes_manifest,1,https://api.github.com/search/repositories?q=Kubernetes_manifest+created:2024-05-01..2024-05-10&page=1&per_page=100&sort=stars&order=desc
kritika-ram/KubernetesManifest,5,1,Kubernetes_manifest,1,https://api.github.com/search/repositories?q=Kubernetes_manifest+created:2024-05-01..2024-05-10&page=1&per_page=100&sort=stars&order=desc
Shikharvisen/KubernetesManifest,6,1,Kubernetes_manifest,1,https://api.github.com/search/repositories?q=Kubernetes_manifest+created:2024-05-01..2024-05-10&page=1&per_page=100&sort=stars&order=desc
seema-cpu/KubernetesManifest-,7,1,Kubernetes_manifest,1,https://api.github.com/search/repositories?q=Kubernetes_manifest+created:2024-05-01..2024-05-10&page=1&per_page=100&sort=stars&order=desc
MamunBaral12/KubernetesManifest,8,1,Kubernetes_manifest,1,https://api.github.com/search/repositories?q=Kubernetes_manifest+created:2024-05-01..2024-05-10&page=1&per_page=100&sort=stars&order=desc
pravi24/KubernetesManifest,9,1,Kubernetes_manifest,1,https://api.github.com/search/repositories?q=Kubernetes_manifest+created:2024-05-01..2024-05-10&page=1&per_page=100&sort=stars&order=desc
wissemmtiri/kubernetes-manifests,10,4,Kubernetes_manifest,1,https://api.github.com/search/repositories?q=Kubernetes_manifest+created:2024-05-01..2024-05-10&page=1&per_page=100&sort=stars&order=desc
Femiola07/kubernetes-manifests,11,5,Kubernetes_manifest,1,https://api.github.com/search/repositories?q=Kubernetes_manifest+created:2024-05-01..2024-05-10&page=1&per_page=100&sort=stars&order=desc
elk8622/kubernetes-manifests,12,5,Kubernetes_manifest,1,https://api.github.com/search/repositories?q=Kubernetes_manifest+created:2024-05-01..2024-05-10&page=1&per_page=100&sort=stars&order=desc
EsteTruji/kubernetes-manifests,13,11,Kubernetes_manifest,1,https://api.github.com/search/repositories?q=Kubernetes_manifest+created:2024-05-01..2024-05-10&page=1&per_page=100&sort=stars&order=desc
RS242424/kubernetes_manifestfiles,14,0,Kubernetes_manifest,1,https://api.github.com/search/repositories?q=Kubernetes_manifest+created:2024-05-01..2024-05-10&page=1&per_page=100&sort=stars&order=desc
iskander-bargaoui/Kubernetes-Manifests,15,0,Kubernetes_manifest,1,https://api.github.com/search/repositories?q=Kubernetes_manifest+created:2024-05-01..2024-05-10&page=1&per_page=100&sort=stars&order=desc
sukruth-gms/Kubernetes-manifests-files,16,0,Kubernetes_manifest,1,https://api.github.com/search/repositories?q=Kubernetes_manifest+created:2024-05-01..2024-05-10&page=1&per_page=100&sort=stars&order=desc
MDMOQADDAS/Advance-Kubernetes-Manifest,17,0,Kubernetes_manifest,1,https://api.github.com/search/repositories?q=Kubernetes_manifest+created:2024-05-01..2024-05-10&page=1&per_page=100&sort=stars&order=desc
marcelocollyer/infrastructure-k8s,18,6,Kubernetes_manifest,1,https://api.github.com/search/repositories?q=Kubernetes_manifest+created:2024-05-01..2024-05-10&page=1&per_page=100&sort=stars&order=desc
Bala-G-Venkatesan/FurnitureDotCom_CD,19,2,Kubernetes_manifest,1,https://api.github.com/search/repositories?q=Kubernetes_manifest+created:2024-05-01..2024-05-10&page=1&per_page=100&sort=stars&order=desc
milinddevops/components-manifests,20,7,Kubernetes_manifest,1,https://api.github.com/search/repositories?q=Kubernetes_manifest+created:2024-05-01..2024-05-10&page=1&per_page=100&sort=stars&order=desc
Akash-Singh04/Haalsamachar-infra,1,6,Kubernetes_manifest,1,https://api.github.com/search/repositories?q=Kubernetes_manifest+created:2024-05-11..2024-05-20&page=1&per_page=100&sort=stars&order=desc
dibsdevelopment/KubernetesApplicationManifestCICDdibs,2,1,Kubernetes_manifest,1,https://api.github.com/search/repositories?q=Kubernetes_manifest+created:2024-05-11..2024-05-20&page=1&per_page=100&sort=stars&order=desc
anndemo/mlflow,3,6,Kubernetes_manifest,1,https://api.github.com/search/repositories?q=Kubernetes_manifest+created:2024-05-11..2024-05-20&page=1&per_page=100&sort=stars&order=desc
awcodify/v8s,4,0,Kubernetes_manifest,1,https://api.github.com/search/repositories?q=Kubernetes_manifest+created:2024-05-11..2024-05-20&page=1&per_page=100&sort=stars&order=desc
gestanestle/tsm-k8s,5,5,Kubernetes_manifest,1,https://api.github.com/search/repositories?q=Kubernetes_manifest+created:2024-05-11..2024-05-20&page=1&per_page=100&sort=stars&order=desc
ibrahimzfe/manifest-helm,6,3,Kubernetes_manifest,1,https://api.github.com/search/repositories?q=Kubernetes_manifest+created:2024-05-11..2024-05-20&page=1&per_page=100&sort=stars&order=desc
zogot/homelab,7,18,Kubernetes_manifest,1,https://api.github.com/search/repositories?q=Kubernetes_manifest+created:2024-05-11..2024-05-20&page=1&per_page=100&sort=stars&order=desc
Shreyank031/k8s-RollingUpdate-HorizontalPodAutoScale,8,2,Kubernetes_manifest,1,https://api.github.com/search/repositories?q=Kubernetes_manifest+created:2024-05-11..2024-05-20&page=1&per_page=100&sort=stars&order=desc
ququiz/scalable-ququiz-kubernetes,9,42,Kubernetes_manifest,1,https://api.github.com/search/repositories?q=Kubernetes_manifest+created:2024-05-11..2024-05-20&page=1&per_page=100&sort=stars&order=desc
ayqazi/minikube-config,10,18,Kubernetes_manifest,1,https://api.github.com/search/repositories?q=Kubernetes_manifest+created:2024-05-11..2024-05-20&page=1&per_page=100&sort=stars&order=desc
Liquizar/Kubernetes_Assignments,11,21,Kubernetes_manifest,1,https://api.github.com/search/repositories?q=Kubernetes_manifest+created:2024-05-11..2024-05-20&page=1&per_page=100&sort=stars&order=desc
Francismensah/habit-tracker-k8s-deployment,12,6,Kubernetes_manifest,1,https://api.github.com/search/repositories?q=Kubernetes_manifest+created:2024-05-11..2024-05-20&page=1&per_page=100&sort=stars&order=desc
jdvalencir/MicroK8S-WP,13,15,Kubernetes_manifest,1,https://api.github.com/search/repositories?q=Kubernetes_manifest+created:2024-05-11..2024-05-20&page=1&per_page=100&sort=stars&order=desc
vijeshnair89/kubernetes-manifests,1,4,Kubernetes_manifest,1,https://api.github.com/search/repositories?q=Kubernetes_manifest+created:2024-05-21..2024-05-31&page=1&per_page=100&sort=stars&order=desc
slawo/kubernetes-manifests,2,0,Kubernetes_manifest,1,https://api.github.com/search/repositories?q=Kubernetes_manifest+created:2024-05-21..2024-05-31&page=1&per_page=100&sort=stars&order=desc
lakshmi-Thungala/Kubernetes-manifestfiles,3,3,Kubernetes_manifest,1,https://api.github.com/search/repositories?q=Kubernetes_manifest+created:2024-05-21..2024-05-31&page=1&per_page=100&sort=stars&order=desc
nehajamale/Manifest-Kubernetes,4,11,Kubernetes_manifest,1,https://api.github.com/search/repositories?q=Kubernetes_manifest+created:2024-05-21..2024-05-31&page=1&per_page=100&sort=stars&order=desc
salimamri9/kubernetes-manifests,5,9,Kubernetes_manifest,1,https://api.github.com/search/repositories?q=Kubernetes_manifest+created:2024-05-21..2024-05-31&page=1&per_page=100&sort=stars&order=desc
Deepak17460/Kubernetes_ELK_Manifestfile,6,7,Kubernetes_manifest,1,https://api.github.com/search/repositories?q=Kubernetes_manifest+created:2024-05-21..2024-05-31&page=1&per_page=100&sort=stars&order=desc
osureto2/Kubernetes-Manifest-Files,7,11,Kubernetes_manifest,1,https://api.github.com/search/repositories?q=Kubernetes_manifest+created:2024-05-21..2024-05-31&page=1&per_page=100&sort=stars&order=desc
krishna57474/Kubernetes-Manifest-files,8,0,Kubernetes_manifest,1,https://api.github.com/search/repositories?q=Kubernetes_manifest+created:2024-05-21..2024-05-31&page=1&per_page=100&sort=stars&order=desc
tugceerkaner/todo_app_K8s_manifest,9,2,Kubernetes_manifest,1,https://api.github.com/search/repositories?q=Kubernetes_manifest+created:2024-05-21..2024-05-31&page=1&per_page=100&sort=stars&order=desc
Sarang095/Kube-AppDep,10,9,Kubernetes_manifest,1,https://api.github.com/search/repositories?q=Kubernetes_manifest+created:2024-05-21..2024-05-31&page=1&per_page=100&sort=stars&order=desc
Cubebleu1/craftedby-manifests,11,2,Kubernetes_manifest,1,https://api.github.com/search/repositories?q=Kubernetes_manifest+created:2024-05-21..2024-05-31&page=1&per_page=100&sort=stars&order=desc
Kevin-Mok/aws-minicube,12,16,Kubernetes_manifest,1,https://api.github.com/search/repositories?q=Kubernetes_manifest+created:2024-05-21..2024-05-31&page=1&per_page=100&sort=stars&order=desc
gosa-project/gosa2-container,13,3,Kubernetes_manifest,1,https://api.github.com/search/repositories?q=Kubernetes_manifest+created:2024-05-21..2024-05-31&page=1&per_page=100&sort=stars&order=desc
gabrielgusn/cka-cert,14,1,Kubernetes_manifest,1,https://api.github.com/search/repositories?q=Kubernetes_manifest+created:2024-05-21..2024-05-31&page=1&per_page=100&sort=stars&order=desc
ImKres/AKS-Setup-Sample,15,2,Kubernetes_manifest,1,https://api.github.com/search/repositories?q=Kubernetes_manifest+created:2024-05-21..2024-05-31&page=1&per_page=100&sort=stars&order=desc
devarsh10/practice,16,5,Kubernetes_manifest,1,https://api.github.com/search/repositories?q=Kubernetes_manifest+created:2024-05-21..2024-05-31&page=1&per_page=100&sort=stars&order=desc
josphat-n/yolo_orchestration,17,0,Kubernetes_manifest,1,https://api.github.com/search/repositories?q=Kubernetes_manifest+created:2024-05-21..2024-05-31&page=1&per_page=100&sort=stars&order=desc
Omar-tarek3/Flask-Milvus-App,18,194,Kubernetes_manifest,1,https://api.github.com/search/repositories?q=Kubernetes_manifest+created:2024-05-21..2024-05-31&page=1&per_page=100&sort=stars&order=desc
VasudevanS1906/Kubernetes-application-management-and-deployment,19,3,Kubernetes_manifest,1,https://api.github.com/search/repositories?q=Kubernetes_manifest+created:2024-05-21..2024-05-31&page=1&per_page=100&sort=stars&order=desc
AnkitJodhani/eks-private-container-registry,1,0,Kubernetes_manifest,1,https://api.github.com/search/repositories?q=Kubernetes_manifest+created:2024-06-01..2024-06-10&page=1&per_page=100&sort=stars&order=desc
adilansari488/websocket-sample-app,2,2,Kubernetes_manifest,1,https://api.github.com/search/repositories?q=Kubernetes_manifest+created:2024-06-01..2024-06-10&page=1&per_page=100&sort=stars&order=desc
Monroeshindelar/kubernetes-manifests,3,51,Kubernetes_manifest,1,https://api.github.com/search/repositories?q=Kubernetes_manifest+created:2024-06-01..2024-06-10&page=1&per_page=100&sort=stars&order=desc
CharanKumar93/Kubernetes-Manifest-files,4,0,Kubernetes_manifest,1,https://api.github.com/search/repositories?q=Kubernetes_manifest+created:2024-06-01..2024-06-10&page=1&per_page=100&sort=stars&order=desc
kosnotdead/kubernetes-manifest-netology-ml,5,0,Kubernetes_manifest,1,https://api.github.com/search/repositories?q=Kubernetes_manifest+created:2024-06-01..2024-06-10&page=1&per_page=100&sort=stars&order=desc
atulrangacharya/kubernetes_manifest_yml_files,6,6,Kubernetes_manifest,1,https://api.github.com/search/repositories?q=Kubernetes_manifest+created:2024-06-01..2024-06-10&page=1&per_page=100&sort=stars&order=desc
jortiz3109/kubernetes-course,7,0,Kubernetes_manifest,1,https://api.github.com/search/repositories?q=Kubernetes_manifest+created:2024-06-01..2024-06-10&page=1&per_page=100&sort=stars&order=desc
A-Lee/K8-manifests,8,23,Kubernetes_manifest,1,https://api.github.com/search/repositories?q=Kubernetes_manifest+created:2024-06-01..2024-06-10&page=1&per_page=100&sort=stars&order=desc
nbrownuk/gateway-api-tutorial,9,4,Kubernetes_manifest,1,https://api.github.com/search/repositories?q=Kubernetes_manifest+created:2024-06-01..2024-06-10&page=1&per_page=100&sort=stars&order=desc
ndinevski/GitOps-Food-App,10,3,Kubernetes_manifest,1,https://api.github.com/search/repositories?q=Kubernetes_manifest+created:2024-06-01..2024-06-10&page=1&per_page=100&sort=stars&order=desc
ikanago/homelab,11,14,Kubernetes_manifest,1,https://api.github.com/search/repositories?q=Kubernetes_manifest+created:2024-06-01..2024-06-10&page=1&per_page=100&sort=stars&order=desc
mkroman/op2secret,12,2,Kubernetes_manifest,1,https://api.github.com/search/repositories?q=Kubernetes_manifest+created:2024-06-01..2024-06-10&page=1&per_page=100&sort=stars&order=desc
unbe1iev-official/deployment,13,72,Kubernetes_manifest,1,https://api.github.com/search/repositories?q=Kubernetes_manifest+created:2024-06-01..2024-06-10&page=1&per_page=100&sort=stars&order=desc
KNU-HOBIT/kafka-kube,14,1,Kubernetes_manifest,1,https://api.github.com/search/repositories?q=Kubernetes_manifest+created:2024-06-01..2024-06-10&page=1&per_page=100&sort=stars&order=desc
NashTech-Labs/Kubernetes_resources_backup_using_velero,15,0,Kubernetes_manifest,1,https://api.github.com/search/repositories?q=Kubernetes_manifest+created:2024-06-01..2024-06-10&page=1&per_page=100&sort=stars&order=desc
ShuMag1023/Kubernetes-Deployment-of-a-Go-Application,16,0,Kubernetes_manifest,1,https://api.github.com/search/repositories?q=Kubernetes_manifest+created:2024-06-01..2024-06-10&page=1&per_page=100&sort=stars&order=desc
adilrana1/Devopsproject--story-1,17,0,Kubernetes_manifest,1,https://api.github.com/search/repositories?q=Kubernetes_manifest+created:2024-06-01..2024-06-10&page=1&per_page=100&sort=stars&order=desc
rajeshchandranaws1/kubernetes-manifest-files,1,81,Kubernetes_manifest,1,https://api.github.com/search/repositories?q=Kubernetes_manifest+created:2024-06-11..2024-06-20&page=1&per_page=100&sort=stars&order=desc
ilham-suyadi/Kubernetes-Manifest,2,0,Kubernetes_manifest,1,https://api.github.com/search/repositories?q=Kubernetes_manifest+created:2024-06-11..2024-06-20&page=1&per_page=100&sort=stars&order=desc
Ngwa23/ngwa-kubernetes-manifests,3,5,Kubernetes_manifest,1,https://api.github.com/search/repositories?q=Kubernetes_manifest+created:2024-06-11..2024-06-20&page=1&per_page=100&sort=stars&order=desc
kumar238/Kubernetes_Manifest_files,4,0,Kubernetes_manifest,1,https://api.github.com/search/repositories?q=Kubernetes_manifest+created:2024-06-11..2024-06-20&page=1&per_page=100&sort=stars&order=desc
ramitd1995/Kubernetes-Manifest---Student-Service,5,23,Kubernetes_manifest,1,https://api.github.com/search/repositories?q=Kubernetes_manifest+created:2024-06-11..2024-06-20&page=1&per_page=100&sort=stars&order=desc
Vamc-git/kubernetes_manifest_yml_files,6,6,Kubernetes_manifest,1,https://api.github.com/search/repositories?q=Kubernetes_manifest+created:2024-06-11..2024-06-20&page=1&per_page=100&sort=stars&order=desc
tworld0309/2024-diy-kubernetes-manifest,7,1,Kubernetes_manifest,1,https://api.github.com/search/repositories?q=Kubernetes_manifest+created:2024-06-11..2024-06-20&page=1&per_page=100&sort=stars&order=desc
pluczaksymfoni/tcp-demo-config-push,8,3,Kubernetes_manifest,1,https://api.github.com/search/repositories?q=Kubernetes_manifest+created:2024-06-11..2024-06-20&page=1&per_page=100&sort=stars&order=desc
pluczaksymfoni/tcp-demo-config-pull,9,3,Kubernetes_manifest,1,https://api.github.com/search/repositories?q=Kubernetes_manifest+created:2024-06-11..2024-06-20&page=1&per_page=100&sort=stars&order=desc
SamWolfs/sikm,10,16,Kubernetes_manifest,1,https://api.github.com/search/repositories?q=Kubernetes_manifest+created:2024-06-11..2024-06-20&page=1&per_page=100&sort=stars&order=desc
kalindudc/deploy-with-k8s,11,2,Kubernetes_manifest,1,https://api.github.com/search/repositories?q=Kubernetes_manifest+created:2024-06-11..2024-06-20&page=1&per_page=100&sort=stars&order=desc
cdsre/my-kubernetes,12,18,Kubernetes_manifest,1,https://api.github.com/search/repositories?q=Kubernetes_manifest+created:2024-06-11..2024-06-20&page=1&per_page=100&sort=stars&order=desc
hasithacharith07/k8s-manifest,13,10,Kubernetes_manifest,1,https://api.github.com/search/repositories?q=Kubernetes_manifest+created:2024-06-11..2024-06-20&page=1&per_page=100&sort=stars&order=desc
loraineelizas/Microservice-InBev,14,0,Kubernetes_manifest,1,https://api.github.com/search/repositories?q=Kubernetes_manifest+created:2024-06-11..2024-06-20&page=1&per_page=100&sort=stars&order=desc
shawakash/k8s,1,0,Kubernetes_manifest,1,https://api.github.com/search/repositories?q=Kubernetes_manifest+created:2024-06-21..2024-06-30&page=1&per_page=100&sort=stars&order=desc
posaakhil/Kubernetes_Manifest_Files,2,6,Kubernetes_manifest,1,https://api.github.com/search/repositories?q=Kubernetes_manifest+created:2024-06-21..2024-06-30&page=1&per_page=100&sort=stars&order=desc
Amit-Limbasiya-27/jmeter-kubernetes-manifests,3,8,Kubernetes_manifest,1,https://api.github.com/search/repositories?q=Kubernetes_manifest+created:2024-06-21..2024-06-30&page=1&per_page=100&sort=stars&order=desc
nduyhai/kubernetes-tempo,4,1,Kubernetes_manifest,1,https://api.github.com/search/repositories?q=Kubernetes_manifest+created:2024-06-21..2024-06-30&page=1&per_page=100&sort=stars&order=desc
okms1017/kubernetes-cluster,5,0,Kubernetes_manifest,1,https://api.github.com/search/repositories?q=Kubernetes_manifest+created:2024-06-21..2024-06-30&page=1&per_page=100&sort=stars&order=desc
femiaduroja/Kubernetes_Manifest_YML_Files,6,6,Kubernetes_manifest,1,https://api.github.com/search/repositories?q=Kubernetes_manifest+created:2024-06-21..2024-06-30&page=1&per_page=100&sort=stars&order=desc
Roshan1234567kumar/kubernetes_manifest_yml_files,7,0,Kubernetes_manifest,1,https://api.github.com/search/repositories?q=Kubernetes_manifest+created:2024-06-21..2024-06-30&page=1&per_page=100&sort=stars&order=desc
narsimhacloud/aks-cluster,8,0,Kubernetes_manifest,1,https://api.github.com/search/repositories?q=Kubernetes_manifest+created:2024-06-21..2024-06-30&page=1&per_page=100&sort=stars&order=desc
blesswinsamuel/kgen,9,5,Kubernetes_manifest,1,https://api.github.com/search/repositories?q=Kubernetes_manifest+created:2024-06-21..2024-06-30&page=1&per_page=100&sort=stars&order=desc
TejuBattula/K8s-Manifest,10,0,Kubernetes_manifest,1,https://api.github.com/search/repositories?q=Kubernetes_manifest+created:2024-06-21..2024-06-30&page=1&per_page=100&sort=stars&order=desc
persona-id/datadog-query-linter,11,7,Kubernetes_manifest,1,https://api.github.com/search/repositories?q=Kubernetes_manifest+created:2024-06-21..2024-06-30&page=1&per_page=100&sort=stars&order=desc
ritamghosh97/K8S,12,3,Kubernetes_manifest,1,https://api.github.com/search/repositories?q=Kubernetes_manifest+created:2024-06-21..2024-06-30&page=1&per_page=100&sort=stars&order=desc
Drumato/image-presence-audit-action,13,0,Kubernetes_manifest,1,https://api.github.com/search/repositories?q=Kubernetes_manifest+created:2024-06-21..2024-06-30&page=1&per_page=100&sort=stars&order=desc
sanath-citiprolu/atlassian-jira-eks,14,0,Kubernetes_manifest,1,https://api.github.com/search/repositories?q=Kubernetes_manifest+created:2024-06-21..2024-06-30&page=1&per_page=100&sort=stars&order=desc
Prernagupta110/Kubernetes,15,1,Kubernetes_manifest,1,https://api.github.com/search/repositories?q=Kubernetes_manifest+created:2024-06-21..2024-06-30&page=1&per_page=100&sort=stars&order=desc
divyaakula-aws/KubernetesManifest,1,1,Kubernetes_manifest,1,https://api.github.com/search/repositories?q=Kubernetes_manifest+created:2024-07-01..2024-07-10&page=1&per_page=100&sort=stars&order=desc
tulikaghosh/KubernetesManifest,2,1,Kubernetes_manifest,1,https://api.github.com/search/repositories?q=Kubernetes_manifest+created:2024-07-01..2024-07-10&page=1&per_page=100&sort=stars&order=desc
harsha2k18/k8s,3,0,Kubernetes_manifest,1,https://api.github.com/search/repositories?q=Kubernetes_manifest+created:2024-07-01..2024-07-10&page=1&per_page=100&sort=stars&order=desc
VaibhavKumar215/kubernetes-manifest,4,3,Kubernetes_manifest,1,https://api.github.com/search/repositories?q=Kubernetes_manifest+created:2024-07-01..2024-07-10&page=1&per_page=100&sort=stars&order=desc
Ranjan3440/kubernetes-manifest,5,3,Kubernetes_manifest,1,https://api.github.com/search/repositories?q=Kubernetes_manifest+created:2024-07-01..2024-07-10&page=1&per_page=100&sort=stars&order=desc
epiHATR/kubernetes-manifest,6,9,Kubernetes_manifest,1,https://api.github.com/search/repositories?q=Kubernetes_manifest+created:2024-07-01..2024-07-10&page=1&per_page=100&sort=stars&order=desc
Ohireimen/Kubernetes-manifest-mjk,7,0,Kubernetes_manifest,1,https://api.github.com/search/repositories?q=Kubernetes_manifest+created:2024-07-01..2024-07-10&page=1&per_page=100&sort=stars&order=desc
yd-ono/Edge-AI-for-video-demo-manifests,8,35,Kubernetes_manifest,1,https://api.github.com/search/repositories?q=Kubernetes_manifest+created:2024-07-01..2024-07-10&page=1&per_page=100&sort=stars&order=desc
SadineniAbhi/kubernetes-manifest-files,9,7,Kubernetes_manifest,1,https://api.github.com/search/repositories?q=Kubernetes_manifest+created:2024-07-01..2024-07-10&page=1&per_page=100&sort=stars&order=desc
anooptejt/publick8smanifests,10,1,Kubernetes_manifest,1,https://api.github.com/search/repositories?q=Kubernetes_manifest+created:2024-07-01..2024-07-10&page=1&per_page=100&sort=stars&order=desc
Pratik562356/kubernetes_manifest_yml_files,11,6,Kubernetes_manifest,1,https://api.github.com/search/repositories?q=Kubernetes_manifest+created:2024-07-01..2024-07-10&page=1&per_page=100&sort=stars&order=desc
gatkaraju/kubernetes_latest_manifest-main,12,89,Kubernetes_manifest,1,https://api.github.com/search/repositories?q=Kubernetes_manifest+created:2024-07-01..2024-07-10&page=1&per_page=100&sort=stars&order=desc
ajaydeosahu/IntellAttract,13,21,Kubernetes_manifest,1,https://api.github.com/search/repositories?q=Kubernetes_manifest+created:2024-07-01..2024-07-10&page=1&per_page=100&sort=stars&order=desc
Thormie-Harshey/kubernetes,14,5,Kubernetes_manifest,1,https://api.github.com/search/repositories?q=Kubernetes_manifest+created:2024-07-01..2024-07-10&page=1&per_page=100&sort=stars&order=desc
Tecktronix/Kubernetes,15,0,Kubernetes_manifest,1,https://api.github.com/search/repositories?q=Kubernetes_manifest+created:2024-07-01..2024-07-10&page=1&per_page=100&sort=stars&order=desc
ngurah-bagus-trisna/tf-coreos-k8s-lab,16,0,Kubernetes_manifest,1,https://api.github.com/search/repositories?q=Kubernetes_manifest+created:2024-07-01..2024-07-10&page=1&per_page=100&sort=stars&order=desc
PraveenReddy2510/complete-prodcution-e2e-pipeline-2,17,2,Kubernetes_manifest,1,https://api.github.com/search/repositories?q=Kubernetes_manifest+created:2024-07-01..2024-07-10&page=1&per_page=100&sort=stars&order=desc
developer-overheid-nl/don-infra,18,13,Kubernetes_manifest,1,https://api.github.com/search/repositories?q=Kubernetes_manifest+created:2024-07-01..2024-07-10&page=1&per_page=100&sort=stars&order=desc
devantler/dotnet-kubernetes-generator,19,7,Kubernetes_manifest,1,https://api.github.com/search/repositories?q=Kubernetes_manifest+created:2024-07-01..2024-07-10&page=1&per_page=100&sort=stars&order=desc
CameronHudson8/applications,20,0,Kubernetes_manifest,1,https://api.github.com/search/repositories?q=Kubernetes_manifest+created:2024-07-01..2024-07-10&page=1&per_page=100&sort=stars&order=desc
Manoj-Chappidi/k8s-server,21,0,Kubernetes_manifest,1,https://api.github.com/search/repositories?q=Kubernetes_manifest+created:2024-07-01..2024-07-10&page=1&per_page=100&sort=stars&order=desc
NashTech-Labs/Deployment_with_TLS_in_Kubernetes,22,0,Kubernetes_manifest,1,https://api.github.com/search/repositories?q=Kubernetes_manifest+created:2024-07-01..2024-07-10&page=1&per_page=100&sort=stars&order=desc
kocierik/k8s-to-diagram,1,6,Kubernetes_manifest,1,https://api.github.com/search/repositories?q=Kubernetes_manifest+created:2024-07-11..2024-07-20&page=1&per_page=100&sort=stars&order=desc
yash509/DevOps-Manifests-Files-for-k8s-and-ArgoCD,2,2,Kubernetes_manifest,1,https://api.github.com/search/repositories?q=Kubernetes_manifest+created:2024-07-11..2024-07-20&page=1&per_page=100&sort=stars&order=desc
RitaAkor/Enterprise-GitLab-CI-CD,3,1,Kubernetes_manifest,1,https://api.github.com/search/repositories?q=Kubernetes_manifest+created:2024-07-11..2024-07-20&page=1&per_page=100&sort=stars&order=desc
prmen12/KubernetesManifest,4,1,Kubernetes_manifest,1,https://api.github.com/search/repositories?q=Kubernetes_manifest+created:2024-07-11..2024-07-20&page=1&per_page=100&sort=stars&order=desc
shwets07/KubernetesManifest,5,1,Kubernetes_manifest,1,https://api.github.com/search/repositories?q=Kubernetes_manifest+created:2024-07-11..2024-07-20&page=1&per_page=100&sort=stars&order=desc
AnkitaMish123/KubernetesManifest,6,1,Kubernetes_manifest,1,https://api.github.com/search/repositories?q=Kubernetes_manifest+created:2024-07-11..2024-07-20&page=1&per_page=100&sort=stars&order=desc
kvthinks/KubernetesManifest,7,1,Kubernetes_manifest,1,https://api.github.com/search/repositories?q=Kubernetes_manifest+created:2024-07-11..2024-07-20&page=1&per_page=100&sort=stars&order=desc
misua/manifests,8,12,Kubernetes_manifest,1,https://api.github.com/search/repositories?q=Kubernetes_manifest+created:2024-07-11..2024-07-20&page=1&per_page=100&sort=stars&order=desc
jeffr2/kubernetes-manifests,9,0,Kubernetes_manifest,1,https://api.github.com/search/repositories?q=Kubernetes_manifest+created:2024-07-11..2024-07-20&page=1&per_page=100&sort=stars&order=desc
shubhamraj-123/kubernetes-manifest,10,3,Kubernetes_manifest,1,https://api.github.com/search/repositories?q=Kubernetes_manifest+created:2024-07-11..2024-07-20&page=1&per_page=100&sort=stars&order=desc
AvijitBhattacharjee/Kubernetes_Manifests,11,0,Kubernetes_manifest,1,https://api.github.com/search/repositories?q=Kubernetes_manifest+created:2024-07-11..2024-07-20&page=1&per_page=100&sort=stars&order=desc
FiapTechHackathon/kubernetes-manifest,12,6,Kubernetes_manifest,1,https://api.github.com/search/repositories?q=Kubernetes_manifest+created:2024-07-11..2024-07-20&page=1&per_page=100&sort=stars&order=desc
learningcicd/kubernetes_dump_manifest,13,0,Kubernetes_manifest,1,https://api.github.com/search/repositories?q=Kubernetes_manifest+created:2024-07-11..2024-07-20&page=1&per_page=100&sort=stars&order=desc
3pasha3333/kubernetes-deployment-manifest,14,1,Kubernetes_manifest,1,https://api.github.com/search/repositories?q=Kubernetes_manifest+created:2024-07-11..2024-07-20&page=1&per_page=100&sort=stars&order=desc
jeffr2/kubernetes-manifests-samples,15,0,Kubernetes_manifest,1,https://api.github.com/search/repositories?q=Kubernetes_manifest+created:2024-07-11..2024-07-20&page=1&per_page=100&sort=stars&order=desc
amir-sajjad/kubernetes_dump_manifest,16,0,Kubernetes_manifest,1,https://api.github.com/search/repositories?q=Kubernetes_manifest+created:2024-07-11..2024-07-20&page=1&per_page=100&sort=stars&order=desc
maximeancellin/Kubernetes-Manifest-Annotator,17,0,Kubernetes_manifest,1,https://api.github.com/search/repositories?q=Kubernetes_manifest+created:2024-07-11..2024-07-20&page=1&per_page=100&sort=stars&order=desc
Aishwaryak15/k8sTraining,18,16,Kubernetes_manifest,1,https://api.github.com/search/repositories?q=Kubernetes_manifest+created:2024-07-11..2024-07-20&page=1&per_page=100&sort=stars&order=desc
guppy0130/kubectl-quadlet,19,1,Kubernetes_manifest,1,https://api.github.com/search/repositories?q=Kubernetes_manifest+created:2024-07-11..2024-07-20&page=1&per_page=100&sort=stars&order=desc
Monzy-B/argocd_manifests,20,18,Kubernetes_manifest,1,https://api.github.com/search/repositories?q=Kubernetes_manifest+created:2024-07-11..2024-07-20&page=1&per_page=100&sort=stars&order=desc
imperialhound/go-k8-templater,21,0,Kubernetes_manifest,1,https://api.github.com/search/repositories?q=Kubernetes_manifest+created:2024-07-11..2024-07-20&page=1&per_page=100&sort=stars&order=desc
jjbruzr/kubernetes,22,0,Kubernetes_manifest,1,https://api.github.com/search/repositories?q=Kubernetes_manifest+created:2024-07-11..2024-07-20&page=1&per_page=100&sort=stars&order=desc
robgarden/fuzzykube,23,0,Kubernetes_manifest,1,https://api.github.com/search/repositories?q=Kubernetes_manifest+created:2024-07-11..2024-07-20&page=1&per_page=100&sort=stars&order=desc
Barney7777/petclinic_Jenkins_Server_IaC,24,0,Kubernetes_manifest,1,https://api.github.com/search/repositories?q=Kubernetes_manifest+created:2024-07-11..2024-07-20&page=1&per_page=100&sort=stars&order=desc
SyedYakhub/wisecow-app,25,0,Kubernetes_manifest,1,https://api.github.com/search/repositories?q=Kubernetes_manifest+created:2024-07-11..2024-07-20&page=1&per_page=100&sort=stars&order=desc
mirshakhidgithub/kubernetes-manifests,1,0,Kubernetes_manifest,1,https://api.github.com/search/repositories?q=Kubernetes_manifest+created:2024-07-21..2024-07-31&page=1&per_page=100&sort=stars&order=desc
apolzek/manifests,2,0,Kubernetes_manifest,1,https://api.github.com/search/repositories?q=Kubernetes_manifest+created:2024-07-21..2024-07-31&page=1&per_page=100&sort=stars&order=desc
MaxNickerson/argocd-kubernetes-manifests,3,4,Kubernetes_manifest,1,https://api.github.com/search/repositories?q=Kubernetes_manifest+created:2024-07-21..2024-07-31&page=1&per_page=100&sort=stars&order=desc
djoksa4/kubernetes-CICD-webapp-MANIFEST,4,0,Kubernetes_manifest,1,https://api.github.com/search/repositories?q=Kubernetes_manifest+created:2024-07-21..2024-07-31&page=1&per_page=100&sort=stars&order=desc
JohnSunSmith/my-manifests,5,1,Kubernetes_manifest,1,https://api.github.com/search/repositories?q=Kubernetes_manifest+created:2024-07-21..2024-07-31&page=1&per_page=100&sort=stars&order=desc
CagatayKahramann/k8s-load-balancing-demo,6,5,Kubernetes_manifest,1,https://api.github.com/search/repositories?q=Kubernetes_manifest+created:2024-07-21..2024-07-31&page=1&per_page=100&sort=stars&order=desc
